{
  "project_info": {
    "project_number": "541779489401",
    "firebase_url": "https://asseutcrowd.firebaseio.com",
    "project_id": "asseutcrowd",
    "storage_bucket": "asseutcrowd.appspot.com"
  },
  "client": [
    {
      "client_info": {
        "mobilesdk_app_id": "1:541779489401:android:52f1fe5125d95c884bdaa8",
        "android_client_info": {
          "package_name": "com.example.asseut"
        }
      },
      "oauth_client": [
        {
          "client_id": "541779489401-5ndtsiq00g68o73ibet9gb4ibkkv48ag.apps.googleusercontent.com",
          "client_type": 1,
          "android_info": {
            "package_name": "com.example.asseut",
            "certificate_hash": "e800a74f82d09491510238630eebd061b562ff76"
          }
        },
        {
          "client_id": "541779489401-8g0nn7gsgvams9b77a0bksnp8j5bh471.apps.googleusercontent.com",
          "client_type": 3
        }
      ],
      "api_key": [
        {
          "current_key": "AIzaSyCsZwNIn96AmRdzjLzyYLgBpDB2jjvZB_Q"
        }
      ],
      "services": {
        "appinvite_service": {
          "other_platform_oauth_client": [
            {
              "client_id": "541779489401-8g0nn7gsgvams9b77a0bksnp8j5bh471.apps.googleusercontent.com",
              "client_type": 3
            }
          ]
        }
      }
    }
  ],
  "configuration_version": "1"
}